model,size_gb,bpw,ppl,kld_mean,kld_median,kld_999,kld_max,hellaswag,winogrande
release,11.337,2.61,8.3539,0.26941,0.134567,4.757905,7.243166,79.0,76.25
IQ2_M,12.558,2.90,8.4133,0.163555,0.089332,3.962669,6.808338,79.0,75.75
Q2_K,13.839,3.19,8.4729,0.149323,0.078014,3.275804,6.291348,76.5,73.25
IQ3_M,16.340,3.77,7.5196,0.056667,0.031453,1.224993,3.390194,80.0,74.25
Q3_K_M,17.664,4.07,7.4316,0.058341,0.02812,1.610704,8.05905,79.75,76.0
IQ4_XS,19.628,4.53,7.2638,0.021902,0.011071,0.636406,2.861118,80.75,75.75
Q4_K_M,21.713,5.01,7.2354,0.031395,0.015171,1.140985,3.588685,80.0,76.0
Q5_K_M,25.348,5.84,7.2725,0.015235,0.006491,0.716593,4.073927,80.5,76.25
Q6_K,29.209,6.73,7.1525,0.007982,0.003137,0.35964,3.526487,80.75,74.75
Q8_0,37.802,8.72,7.1599,0.004297,0.00149,0.209488,1.20616,80.25,75.5
BF16,71.067,16.38,7.1595,,,,,81.25,76.0
